{
    "rotation_matrix": [
        [
            0.9951051003269799,
            0.09508616041734547,
            0.026915820632457486
        ],
        [
            0.06442714170538985,
            -0.4177064928605408,
            -0.9062948908792441
        ],
        [
            -0.0749331883407172,
            0.9035927777042234,
            -0.421787991016649
        ]
    ],
    "translation_vector": [
        [
            65.1820394560505
        ],
        [
            107.77929308203953
        ],
        [
            735.6606703641878
        ]
    ]
}