{
    "rotation_matrix": [
        [
            0.6101822361610372,
            -0.7880601109279546,
            -0.08147944671962498
        ],
        [
            -0.3074259333156548,
            -0.14073152186628152,
            -0.9411078228758908
        ],
        [
            0.7301828087530648,
            0.5992961707848802,
            -0.32814198982157844
        ]
    ],
    "translation_vector": [
        [
            13.860683971417668
        ],
        [
            225.30433462327102
        ],
        [
            685.5611245218947
        ]
    ]
}