{
    "rotation_matrix": [
        [
            -0.11789622682459966,
            0.9839483678277552,
            0.13396301411068262
        ],
        [
            0.3991122625057956,
            0.17047946718106832,
            -0.9009140653731431
        ],
        [
            -0.9092908674445308,
            -0.05274808734689407,
            -0.41280474520433624
        ]
    ],
    "translation_vector": [
        [
            -231.9947931445635
        ],
        [
            152.20546294243138
        ],
        [
            840.4573752056177
        ]
    ]
}