{
    "rotation_matrix": [
        [
            0.1850092380448931,
            -0.9751999281032345,
            -0.1214770845282922
        ],
        [
            -0.3141740823327773,
            0.058431493908745025,
            -0.9475655156821344
        ],
        [
            0.931163910290989,
            0.21347332561010546,
            -0.29557217633694255
        ]
    ],
    "translation_vector": [
        [
            124.55713124345236
        ],
        [
            110.10989685233156
        ],
        [
            752.8991254261927
        ]
    ]
}