{
    "rotation_matrix": [
        [
            -0.8389141361960163,
            0.5425485805444814,
            -0.0431753383271081
        ],
        [
            0.2254787707754719,
            0.27425165095211257,
            -0.9348504457289534
        ],
        [
            -0.495360874534994,
            -0.7939943763649772,
            -0.35240677388596964
        ]
    ],
    "translation_vector": [
        [
            41.43434359093144
        ],
        [
            223.9820042227497
        ],
        [
            592.3383097657374
        ]
    ]
}