{
    "rotation_matrix": [
        [
            0.6769923958082125,
            -0.7037909620829803,
            -0.21531274395206906
        ],
        [
            -0.3615646980866458,
            -0.06321814568254502,
            -0.93020128743943
        ],
        [
            0.6410555866033529,
            0.7075886854287406,
            -0.29726417062582156
        ]
    ],
    "translation_vector": [
        [
            144.695845345982
        ],
        [
            137.72895614177085
        ],
        [
            654.3296110782316
        ]
    ]
}