{
    "rotation_matrix": [
        [
            -0.9314394825252118,
            0.3346436059976566,
            -0.14294805825211793
        ],
        [
            0.22974268171510243,
            0.23614486787214206,
            -0.9441683650578437
        ],
        [
            -0.28220345602334296,
            -0.9122769636149614,
            -0.2968365729925264
        ]
    ],
    "translation_vector": [
        [
            65.32553365048472
        ],
        [
            111.60619484901389
        ],
        [
            720.2750269186834
        ]
    ]
}