{
    "rotation_matrix": [
        [
            0.9931256339947994,
            0.013819183319928749,
            -0.11623469909969966
        ],
        [
            -0.11189463937284498,
            -0.17946471612919535,
            -0.9773801744174517
        ],
        [
            -0.03436662308182875,
            0.9836673451106515,
            -0.1766847174514932
        ]
    ],
    "translation_vector": [
        [
            86.4955290611983
        ],
        [
            222.2886187403883
        ],
        [
            775.977406104395
        ]
    ]
}