{
    "rotation_matrix": [
        [
            0.995995116480575,
            0.0480401008629005,
            0.0754047522105076
        ],
        [
            0.07946761372167799,
            -0.0891863859110811,
            -0.9928397085821568
        ],
        [
            -0.04097104241080377,
            0.9948557369172688,
            -0.09264683700251217
        ]
    ],
    "translation_vector": [
        [
            34.16084973383128
        ],
        [
            223.79018888233358
        ],
        [
            538.3464464812822
        ]
    ]
}