{
    "rotation_matrix": [
        [
            -0.9578099849700231,
            -0.2864617470278454,
            -0.023231448114111736
        ],
        [
            -0.18655763569860268,
            0.6811845511809524,
            -0.7079433987226321
        ],
        [
            0.21862360635181052,
            -0.673741252056128,
            -0.7058869909720462
        ]
    ],
    "translation_vector": [
        [
            54.686012761483695
        ],
        [
            189.5555382873808
        ],
        [
            513.4668704467465
        ]
    ]
}