{
    "rotation_matrix": [
        [
            -0.9552236997904741,
            -0.2935428863156783,
            -0.0371518135769839
        ],
        [
            -0.07524524521881969,
            0.3624305234949031,
            -0.9289683895112737
        ],
        [
            0.286157013596658,
            -0.884577124694433,
            -0.3682899320328634
        ]
    ],
    "translation_vector": [
        [
            184.73682775951693
        ],
        [
            228.53975990233906
        ],
        [
            591.5280072771585
        ]
    ]
}