{
    "rotation_matrix": [
        [
            -0.2742812406853937,
            -0.9471111757059862,
            -0.16658397840400413
        ],
        [
            -0.12976991495766138,
            0.20809618199877122,
            -0.9694615764481933
        ],
        [
            0.952853383359666,
            -0.2442875352742318,
            -0.17998341570733273
        ]
    ],
    "translation_vector": [
        [
            168.9923333401343
        ],
        [
            205.5418018039716
        ],
        [
            749.6690337773805
        ]
    ]
}