{
    "cameramatrix": [
        1779.34158729731,
        0,
        950.330370355879,
        0,
        1783.73319264054,
        774.83002994789,
        0,
        0,
        1
    ],
    "distcoeffs": [
        -9.09506787617316,
        19.641529213333,
        -0.00270116512496726,
        -0.000556143702014071,
        7.60486596042818,
        -8.81353738121677,
        16.9895703367357,
        14.0095701931749
    ],
    "rotation": [
        "0.037393",
        "0.029319",
        "-0.005906"
    ],
    "translation": [
        "4.358053",
        "85.270463",
        "22.640340"
    ],
    "triton": "243800650"
}