{
    "rotation_matrix": [
        [
            -0.8045466891277644,
            -0.5687889314341041,
            -0.17083259786001762
        ],
        [
            0.002559114890594072,
            0.2843275241817321,
            -0.9587237923008187
        ],
        [
            0.5938838909623069,
            -0.7717752331286207,
            -0.22729917198426863
        ]
    ],
    "translation_vector": [
        [
            245.45352405498298
        ],
        [
            311.7862472912103
        ],
        [
            749.5386592141823
        ]
    ]
}