{
    "rotation_matrix": [
        [
            -0.9886123922051759,
            -0.1455107091712743,
            -0.03836888706793757
        ],
        [
            0.015408130608733736,
            0.1557505254525967,
            -0.9876762441875292
        ],
        [
            0.1496934450452107,
            -0.9770201673137112,
            -0.15173485154302468
        ]
    ],
    "translation_vector": [
        [
            86.70302576584707
        ],
        [
            262.8805152941981
        ],
        [
            653.6610734345031
        ]
    ]
}