{
    "rotation_matrix": [
        [
            0.2613677550261523,
            0.96407220730012,
            -0.04745182550822774
        ],
        [
            0.37227585274114516,
            -0.14604027166392392,
            -0.9165603790903141
        ],
        [
            -0.8905602652816047,
            0.2218941598235551,
            -0.39707102102489955
        ]
    ],
    "translation_vector": [
        [
            257.4671509983457
        ],
        [
            211.58320798227518
        ],
        [
            781.0911943252697
        ]
    ]
}