{
    "rotation_matrix": [
        [
            0.6491074563684252,
            -0.7535232172210306,
            -0.10422222025931305
        ],
        [
            -0.3242925501858832,
            -0.15017628784304238,
            -0.9339600764827265
        ],
        [
            0.6881088954379602,
            0.6400389391892898,
            -0.34184251394552884
        ]
    ],
    "translation_vector": [
        [
            24.830449874158063
        ],
        [
            262.8248763036689
        ],
        [
            688.0739615633767
        ]
    ]
}