{
    "rotation_matrix": [
        [
            0.9980167496877246,
            -0.05737336134606624,
            -0.025901056939885286
        ],
        [
            -0.04293572662559203,
            -0.3195309840579032,
            -0.9466025953937166
        ],
        [
            0.04603358254450653,
            0.9458373262008862,
            -0.3213606410923347
        ]
    ],
    "translation_vector": [
        [
            -87.85896565894713
        ],
        [
            155.40795796953003
        ],
        [
            616.0281031994982
        ]
    ]
}