{
    "rotation_matrix": [
        [
            0.2108167885467528,
            -0.9707106615144363,
            -0.11522626996062835
        ],
        [
            -0.34075669134675085,
            0.03750518934111502,
            -0.9394031286273761
        ],
        [
            0.9162102154905549,
            0.2373060732360066,
            -0.3228694297019432
        ]
    ],
    "translation_vector": [
        [
            90.72567002060745
        ],
        [
            171.0070881779289
        ],
        [
            517.5000636597432
        ]
    ]
}