{
    "rotation_matrix": [
        [
            -0.8378082431696493,
            0.5331144679898876,
            -0.11775530432572764
        ],
        [
            0.2233684329728661,
            0.13789571854132043,
            -0.9649307301351839
        ],
        [
            -0.4981805805410643,
            -0.8347297375964462,
            -0.2346111130017846
        ]
    ],
    "translation_vector": [
        [
            111.59685180165607
        ],
        [
            197.76306185761644
        ],
        [
            727.9547430917556
        ]
    ]
}