{
    "rotation_matrix": [
        [
            0.23378835890857586,
            -0.9718117426994555,
            -0.030412826081805455
        ],
        [
            -0.6849552786594759,
            -0.1424182108494535,
            -0.7145301389409409
        ],
        [
            0.6900574392580336,
            0.1878802543374044,
            -0.6989433028184457
        ]
    ],
    "translation_vector": [
        [
            67.1216386099425
        ],
        [
            177.99941435701902
        ],
        [
            526.0328353750532
        ]
    ]
}