{
    "rotation_matrix": [
        [
            0.06407559560258347,
            0.997338143534824,
            -0.03479864219599543
        ],
        [
            0.1630945125008455,
            -0.044866992189831034,
            -0.9855897386864115
        ],
        [
            -0.9845275506761026,
            0.057476781941479094,
            -0.16553525756577026
        ]
    ],
    "translation_vector": [
        [
            -72.7326886190549
        ],
        [
            251.73519083536473
        ],
        [
            657.1597705240238
        ]
    ]
}