{
    "rotation_matrix": [
        [
            -0.5688885027224355,
            -0.8195843386028419,
            0.06817171984897896
        ],
        [
            -0.16750861064126682,
            0.0343173436099673,
            -0.9852731526275278
        ],
        [
            0.8051749728048295,
            -0.5719299186478162,
            -0.15681017608638936
        ]
    ],
    "translation_vector": [
        [
            -13.494026473281599
        ],
        [
            265.53974314412574
        ],
        [
            636.1139110385268
        ]
    ]
}