{
    "rotation_matrix": [
        [
            -0.6389156077998963,
            0.7692078034004765,
            0.010305401375155898
        ],
        [
            0.13820034581258878,
            0.12794896396169597,
            -0.9821047434150848
        ],
        [
            -0.7567611978206665,
            -0.626057839028426,
            -0.1880533745086418
        ]
    ],
    "translation_vector": [
        [
            -20.61502919727369
        ],
        [
            249.55454498817556
        ],
        [
            636.2056511129717
        ]
    ]
}