{
    "rotation_matrix": [
        [
            -0.21757046866348762,
            0.9710620810619257,
            -0.09849632424223931
        ],
        [
            0.21037897110485332,
            -0.0518854618238801,
            -0.9762420741640805
        ],
        [
            -0.9531021874292461,
            -0.2331230009565864,
            -0.19300229724690243
        ]
    ],
    "translation_vector": [
        [
            135.58295801666944
        ],
        [
            207.8829076012307
        ],
        [
            685.0029898611016
        ]
    ]
}