{
    "rotation_matrix": [
        [
            -0.3869752951314773,
            0.9220691041858857,
            -0.006219972969737808
        ],
        [
            0.6381432469433779,
            0.26293552287571,
            -0.7236284317179918
        ],
        [
            -0.6655999679525753,
            -0.28399555967640666,
            -0.6901617236167299
        ]
    ],
    "translation_vector": [
        [
            66.27539564066002
        ],
        [
            145.43081296800565
        ],
        [
            575.6162136032987
        ]
    ]
}