{
    "rotation_matrix": [
        [
            0.8151049912933679,
            -0.5744402389566271,
            -0.07498176469043472
        ],
        [
            -0.26241808924875554,
            -0.2507301466296391,
            -0.9318106781992315
        ],
        [
            0.5164693597917216,
            0.7792001061592155,
            -0.3551149038801335
        ]
    ],
    "translation_vector": [
        [
            40.41953182391268
        ],
        [
            166.3912248436588
        ],
        [
            545.0970714314818
        ]
    ]
}