{
    "rotation_matrix": [
        [
            -0.9731594774442092,
            -0.05145730220138747,
            0.22430509916332456
        ],
        [
            -0.22616523119610568,
            0.39403103077538804,
            -0.890836031480596
        ],
        [
            -0.04254315054771865,
            -0.9176555414948685,
            -0.39509288465528425
        ]
    ],
    "translation_vector": [
        [
            -301.0880079446507
        ],
        [
            214.02445352461197
        ],
        [
            668.0337322844867
        ]
    ]
}