{
    "rotation_matrix": [
        [
            0.557162396960748,
            0.8197002611433476,
            -0.13289674674152419
        ],
        [
            0.11016293238146868,
            -0.2315857573936616,
            -0.9665568608734406
        ],
        [
            -0.8230639050171433,
            0.523888842078099,
            -0.2193314601328298
        ]
    ],
    "translation_vector": [
        [
            9.641945388259613
        ],
        [
            185.98215573025823
        ],
        [
            821.6144477431039
        ]
    ]
}