{
    "rotation_matrix": [
        [
            0.05764764258448718,
            -0.9977464240683493,
            0.03433398554308853
        ],
        [
            -0.22866415322678862,
            -0.04667301392519485,
            -0.9723858980879012
        ],
        [
            0.9717970232170537,
            0.04820480297605573,
            -0.23083943041974575
        ]
    ],
    "translation_vector": [
        [
            -15.681198713677759
        ],
        [
            229.60710678807132
        ],
        [
            557.0789945368955
        ]
    ]
}