{
    "rotation_matrix": [
        [
            0.9967797663875088,
            0.027409434803960263,
            -0.07535794718669023
        ],
        [
            -0.01130389303372179,
            -0.8823532003077341,
            -0.47045196557032465
        ],
        [
            -0.07938714834749211,
            0.4697888385119715,
            -0.8792019835548748
        ]
    ],
    "translation_vector": [
        [
            62.68321895925378
        ],
        [
            94.19695181125203
        ],
        [
            463.47393406995394
        ]
    ]
}