{
    "rotation_matrix": [
        [
            -0.13113788887295852,
            0.9897350194851005,
            -0.0568106091040359
        ],
        [
            0.3696651421371659,
            -0.004353434417874946,
            -0.9291548473195834
        ],
        [
            -0.9198644121774974,
            -0.1428483070029089,
            -0.36529963645718294
        ]
    ],
    "translation_vector": [
        [
            40.95321664826861
        ],
        [
            181.42861042786464
        ],
        [
            668.9386818707621
        ]
    ]
}