{
    "rotation_matrix": [
        [
            -0.5792976685317556,
            -0.8149225128974106,
            -0.017762578828593223
        ],
        [
            -0.17297321109858566,
            0.14419690583825528,
            -0.9743138717009615
        ],
        [
            0.7965516175841441,
            -0.5613453039971416,
            -0.22449269521398774
        ]
    ],
    "translation_vector": [
        [
            23.196736688413903
        ],
        [
            231.86558494405
        ],
        [
            573.2470634175199
        ]
    ]
}