{
    "rotation_matrix": [
        [
            -0.6917794903298353,
            0.7215895603202653,
            -0.02737961277665224
        ],
        [
            0.187202953659502,
            0.14259138025829676,
            -0.971917050173106
        ],
        [
            -0.6974211001254204,
            -0.6774778259934711,
            -0.23372548938232762
        ]
    ],
    "translation_vector": [
        [
            -23.913141872393933
        ],
        [
            193.58114450537605
        ],
        [
            661.8320522648036
        ]
    ]
}