{
    "rotation_matrix": [
        [
            0.9723834491636429,
            0.21194551450754656,
            -0.0977216796455565
        ],
        [
            -0.01793471416951621,
            -0.3496120842223311,
            -0.9367228707538722
        ],
        [
            -0.23269889088750545,
            0.9126064263667275,
            -0.3361558221031964
        ]
    ],
    "translation_vector": [
        [
            115.71743329627992
        ],
        [
            241.76996968044426
        ],
        [
            623.8551609198644
        ]
    ]
}