{
    "rotation_matrix": [
        [
            -0.9580450930380271,
            -0.25735461984049507,
            -0.1261673466175469
        ],
        [
            0.07910807377175898,
            0.1856664883456024,
            -0.9794232321981823
        ],
        [
            0.2754841417756745,
            -0.9483124773787207,
            -0.1575180398492616
        ]
    ],
    "translation_vector": [
        [
            80.87538609773667
        ],
        [
            253.70860136754365
        ],
        [
            680.7426627723319
        ]
    ]
}