{
    "rotation_matrix": [
        [
            0.24353474326535884,
            0.9611052406104745,
            -0.13025953052946826
        ],
        [
            0.08153424697031858,
            -0.15411504194941023,
            -0.9846830558184265
        ],
        [
            -0.9664589982992857,
            0.22918392246406216,
            -0.11589535922688149
        ]
    ],
    "translation_vector": [
        [
            90.14303329442005
        ],
        [
            283.0970078140422
        ],
        [
            740.6961874223919
        ]
    ]
}