{
    "rotation_matrix": [
        [
            -0.7197972602851288,
            0.6602161783451221,
            0.2144912630793722
        ],
        [
            0.036331095147622006,
            0.3443879073233339,
            -0.9381242032987047
        ],
        [
            -0.6932329735459769,
            -0.6674665288543065,
            -0.2718758489601205
        ]
    ],
    "translation_vector": [
        [
            -202.40019211463792
        ],
        [
            279.80093702320414
        ],
        [
            821.8829785252123
        ]
    ]
}