{
    "rotation_matrix": [
        [
            -0.7385078718315801,
            -0.674173500687222,
            0.009808884438430032
        ],
        [
            -0.14846919790956475,
            0.14841188034378394,
            -0.9777171426567667
        ],
        [
            0.6576952337632385,
            -0.7235081234816635,
            -0.20969734080612656
        ]
    ],
    "translation_vector": [
        [
            -73.91951962434202
        ],
        [
            233.92851048173222
        ],
        [
            645.6521028362398
        ]
    ]
}