{
    "rotation_matrix": [
        [
            -0.9770973549748897,
            -0.15368522842869958,
            -0.1471788349726031
        ],
        [
            0.08677888063164388,
            0.3437395258996613,
            -0.9350468246085835
        ],
        [
            0.1942940677874474,
            -0.9264037936543086,
            -0.32253034946422043
        ]
    ],
    "translation_vector": [
        [
            104.733405049648
        ],
        [
            140.4503450993284
        ],
        [
            556.3726571738941
        ]
    ]
}