{
    "rotation_matrix": [
        [
            0.5973040862493755,
            0.7598048097779637,
            0.2567576281010373
        ],
        [
            0.49455250029440756,
            -0.0969055678551306,
            -0.8637286236840971
        ],
        [
            -0.6313839188658105,
            0.6428887632840901,
            -0.4336454600715945
        ]
    ],
    "translation_vector": [
        [
            -76.96079986920748
        ],
        [
            178.1409909257397
        ],
        [
            793.9333607196093
        ]
    ]
}