{
    "cameramatrix": [
        5022.29264647841,
        0,
        1142.20464961913,
        0,
        4998.97109452413,
        794.713757187319,
        0,
        0,
        1
    ],
    "distcoeffs": [
        -1.72258279217835,
        -24.0011090372475,
        -0.000576818362912241,
        -0.002732547183807,
        -3192.530492622,
        0.105130913812916,
        -28.8491996517192,
        -3544.2444955376
    ]
}