{
    "rotation_matrix": [
        [
            0.9933335458475152,
            0.1151668202109289,
            0.0050070167271076965
        ],
        [
            0.08176221733202417,
            -0.6732638587943381,
            -0.7348678223043299
        ],
        [
            -0.0812613469673793,
            0.7303782444486289,
            -0.678191870730685
        ]
    ],
    "translation_vector": [
        [
            16.36168317754623
        ],
        [
            123.37969243319071
        ],
        [
            600.6760021986064
        ]
    ]
}