{
    "rotation_matrix": [
        [
            0.1575180596459676,
            -0.9803878865733209,
            -0.11843839219470381
        ],
        [
            -0.2289926158265046,
            0.08040371921517325,
            -0.9701018626068616
        ],
        [
            0.9605990020723028,
            0.17993008029972285,
            -0.21183654883195013
        ]
    ],
    "translation_vector": [
        [
            204.7445907265156
        ],
        [
            204.59252739350168
        ],
        [
            604.6500117275826
        ]
    ]
}