{
    "rotation_matrix": [
        [
            0.7910629597827724,
            -0.611148276869895,
            0.02678016689040258
        ],
        [
            -0.03017900758491482,
            -0.08271259207954641,
            -0.9961163860777877
        ],
        [
            0.6109898699331351,
            0.7871825777991028,
            -0.08387471638491525
        ]
    ],
    "translation_vector": [
        [
            -16.491844443639316
        ],
        [
            223.6022194923785
        ],
        [
            575.6767409470505
        ]
    ]
}