{
    "rotation_matrix": [
        [
            -0.47429024782806545,
            -0.8771560633805238,
            -0.07513987816049839
        ],
        [
            -0.21340598569592228,
            0.1973558435908649,
            -0.9568221131797119
        ],
        [
            0.8541116121938302,
            -0.4377760974234661,
            -0.28079430628190416
        ]
    ],
    "translation_vector": [
        [
            139.5590882632292
        ],
        [
            137.05107471212293
        ],
        [
            699.0846861363839
        ]
    ]
}