{
    "rotation_matrix": [
        [
            0.5400363665062282,
            0.8312595043959132,
            -0.13178907087543684
        ],
        [
            -0.0019052492686773559,
            -0.1553779049904003,
            -0.9878532667689155
        ],
        [
            -0.8416395266834693,
            0.5337277798580982,
            -0.08232596268353443
        ]
    ],
    "translation_vector": [
        [
            184.52198331111822
        ],
        [
            291.7074437488622
        ],
        [
            682.4897930771581
        ]
    ]
}