{
    "rotation_matrix": [
        [
            -0.960939790022797,
            0.08239552400593486,
            -0.2642076788716222
        ],
        [
            0.2752914765243317,
            0.18644173185150925,
            -0.9431087336979036
        ],
        [
            -0.028448601090319783,
            -0.9790048305539647,
            -0.2018420641194658
        ]
    ],
    "translation_vector": [
        [
            308.56267407673226
        ],
        [
            287.3620932859641
        ],
        [
            768.5463034398942
        ]
    ]
}