{
    "rotation_matrix": [
        [
            -0.5869285979609897,
            -0.7827788066214874,
            -0.2068143147845113
        ],
        [
            -0.11818529280680296,
            0.3355374840461406,
            -0.9345837754659323
        ],
        [
            0.8009663272945481,
            -0.5240915346618624,
            -0.28944948753807953
        ]
    ],
    "translation_vector": [
        [
            55.45036214414889
        ],
        [
            164.48731515513248
        ],
        [
            565.974397246334
        ]
    ]
}