{
    "rotation_matrix": [
        [
            -0.3935377577720323,
            -0.9162838382619742,
            -0.07451148198543334
        ],
        [
            -0.2782846489042397,
            0.19598512797539502,
            -0.940291169689853
        ],
        [
            0.8761767443798113,
            -0.3493046769689354,
            -0.33211527404746455
        ]
    ],
    "translation_vector": [
        [
            135.31487314105638
        ],
        [
            177.11792875160336
        ],
        [
            774.7923950918562
        ]
    ]
}