{
    "rotation_matrix": [
        [
            0.9975481772648593,
            0.038159757355900756,
            -0.05866401754138062
        ],
        [
            -0.040214609753402214,
            -0.37347851372836127,
            -0.926766737073378
        ],
        [
            -0.057274943892929336,
            0.9268536198892429,
            -0.3710282308669635
        ]
    ],
    "translation_vector": [
        [
            19.009911942287072
        ],
        [
            161.1554490100083
        ],
        [
            551.2983855200989
        ]
    ]
}