{
    "rotation_matrix": [
        [
            0.04383231607354088,
            0.9989804604440706,
            0.010805911279571812
        ],
        [
            0.1989372008641075,
            0.0018719362430072994,
            -0.9800104519682717
        ],
        [
            -0.9790315205242286,
            0.045105825628790674,
            -0.19865232521760756
        ]
    ],
    "translation_vector": [
        [
            -40.09714306354774
        ],
        [
            235.29032651083915
        ],
        [
            606.5427029267161
        ]
    ]
}