{
    "rotation_matrix": [
        [
            0.17180984729218107,
            -0.981663009075753,
            -0.08257792069176517
        ],
        [
            -0.3443626613085979,
            0.01868963488670572,
            -0.93865065655134
        ],
        [
            0.9229819791685521,
            0.1897061784975378,
            -0.334837022997701
        ]
    ],
    "translation_vector": [
        [
            108.64486750064208
        ],
        [
            181.7560725170416
        ],
        [
            780.2278905721258
        ]
    ]
}