{
    "rotation_matrix": [
        [
            0.23292735949215382,
            0.9620142613782853,
            0.14238471162595068
        ],
        [
            0.42047913975302664,
            0.032392977391678235,
            -0.9067237661207832
        ],
        [
            -0.8768934588834425,
            0.2710705736897578,
            -0.3969617183645521
        ]
    ],
    "translation_vector": [
        [
            -104.68615209177874
        ],
        [
            212.8544406161112
        ],
        [
            821.376363761418
        ]
    ]
}